Meest uitgevoerde zoekopdrachten,Aantal klikken,Vertoningen,CTR,Positie
addmodum,22,54,40.74%,1
administratieve ondersteuning,4,115,3.48%,1.82
wat is een creditnota,3,148,2.03%,5.16
freelance administratief medewerker,2,69,2.9%,7.32
freelance boekhouder,2,28,7.14%,18.25
wat is een factuur,1,251,0.4%,8.5
freelance administratie,1,100,1%,6.53
hr administratie,1,55,1.82%,24.65
freelancer administratie,1,54,1.85%,2.07
administratieve taken,1,50,2%,8.74
administratieve hulp,1,49,2.04%,6.96
hulp bij administratie,1,49,2.04%,10.49
wat is een credit nota,1,43,2.33%,7.4
administratie betekenis,1,35,2.86%,3.37
voordelen tankkaart,1,30,3.33%,1
mappenstructuur,1,29,3.45%,23.76
freelance jobs voor zelfstandigen,1,20,5%,1.3
freelancer administratief medewerker,1,19,5.26%,2.84
freelance jobs administratie,1,16,6.25%,6.56
administratief medewerker freelance,1,15,6.67%,1.33
mappenstructuur administratie,1,8,12.5%,3
soorten administratie,1,7,14.29%,16.57
vacature freelance administratie,1,6,16.67%,1.17
mappenstructuur digitale administratie,1,6,16.67%,4.83
eigenschappen boekhouder,1,2,50%,6.5
online administratiekantoor,1,1,100%,30
administratie,0,519,0%,22.09
dimona aangifte,0,449,0%,11.69
creditnota,0,358,0%,13.35
dimona aangifte doen,0,272,0%,10.22
administratie uitbesteden,0,197,0%,35.89
wat is administratie,0,118,0%,5.02
tankkaart,0,112,0%,58.61
administratie software,0,109,0%,29.57
verkoopfactuur,0,101,0%,18.95
administratie automatiseren,0,81,0%,5.86
administratie programma,0,78,0%,17
administratieve ondersteuning voor zelfstandigen,0,75,0%,2.15
administratiekantoor,0,68,0%,4.72
creditnota betekenis,0,68,0%,12.46
rsz dimona,0,67,0%,10.43
kmo facturatie,0,65,0%,57.22
administratie digitaliseren,0,64,0%,11.23
dimona aangifte aangeven,0,61,0%,7.56
dimona aangeven,0,59,0%,11.02
tankkaarten,0,58,0%,30.86
exact online,0,58,0%,66.28
freelance administratieve ondersteuning,0,56,0%,3.14
administratief freelancer,0,56,0%,10.68
dimona,0,54,0%,42.93
financiele administratie uitbesteden,0,53,0%,57.74
tankkaart zelfstandige,0,50,0%,40.04
digitale administratie,0,45,0%,14.18
digitale boekhouding,0,44,0%,70.39
verkoopfacturen,0,43,0%,20.28
tankkaart belgie,0,40,0%,41.77
administratie bijhouden,0,39,0%,68.62
factuur,0,38,0%,34.05
zakelijke kilometers bijhouden,0,38,0%,56.55
boekhouder bijberoep,0,38,0%,66.32
facturen opvolgen,0,37,0%,54.03
administratie kantoor,0,36,0%,10.42
facturatie uitbesteden,0,36,0%,19.72
kilometers bijhouden,0,35,0%,41.23
administratieve,0,35,0%,42.94
administratief medewerker,0,35,0%,44.29
prijs boekhouder,0,35,0%,78.37
freelance administratieve ondersteuning voor zelfstandigen,0,34,0%,8.76
administratie bedrijf,0,34,0%,47.21
administratieve hulp voor zelfstandigen,0,33,0%,2.18
administratiesoftware,0,33,0%,15.03
digitalisering administratie,0,33,0%,50.58
boekhouding bijhouden,0,33,0%,88.97
freelance administratieve hulp voor zelfstandigen,0,32,0%,7.66
freelance administratief werk,0,31,0%,6.97
administratie en boekhouding,0,31,0%,14.81
personeelsadministratie uitbesteden,0,31,0%,85.68
online administratie software,0,30,0%,22.1
tankkaarten voor bedrijven,0,30,0%,31.5
tankkaart aanvragen,0,30,0%,40.67
mijn administratie,0,30,0%,58.57
administratieve hulp op zelfstandige basis,0,29,0%,2.9
zelfstandige administratie,0,28,0%,2.43
administratie freelance,0,28,0%,3.39
administratie zelfstandige,0,28,0%,8.5
credit nota,0,28,0%,23.25
boekhouding zelfstandige in bijberoep,0,28,0%,67.11
administratie freelancer,0,27,0%,2.93
administratie ondersteuning,0,27,0%,3
advies boekhouder,0,27,0%,12.74
kilometeradministratie,0,27,0%,50.93
boekhouding programma,0,27,0%,92.44
wat betekent factuur,0,26,0%,8.88
boekhouder zelfstandige,0,26,0%,52.23
administratie opzetten,0,26,0%,68.92
zelfstandige administratieve ondersteuning,0,25,0%,1
boekhouder kiezen,0,25,0%,7.96
administratief betekenis,0,25,0%,10.48
boekhouder advies,0,25,0%,14.4
administratieve medewerker,0,25,0%,44.04
boekhouder taken,0,25,0%,45.8
eenmanszaak starten,0,25,0%,72.4
tankkaart particulier,0,25,0%,76.44
exactonline be,0,25,0%,81.52
boekhouder administratie,0,24,0%,4.92
administratieve ondersteuning gezocht,0,24,0%,4.96
taken administratie,0,24,0%,5.46
hulp met administratie,0,24,0%,6.96
wat is factuur,0,24,0%,8.92
tankkaart aanvragen zelfstandige,0,24,0%,19.46
digitaliseren administratie,0,24,0%,24.79
administratieve freelancer,0,23,0%,2.3
wat is een verkoopfactuur,0,23,0%,2.52
administratie ondernemer,0,23,0%,7.22
boekhouding en administratie,0,23,0%,8.3
tankkaart bedrijf,0,23,0%,30.35
kosten tankkaart,0,23,0%,31.26
digitaliseren boekhouding,0,23,0%,45
creditnota maken,0,23,0%,48.52
kmo-facturatie,0,23,0%,77.74
eisen verkoopfacturen,0,23,0%,78.43
freelance administratie uitbesteden,0,22,0%,3
zelfstandige administratieve hulp,0,22,0%,3.64
freelance administratief,0,22,0%,9.55
wat is een inkoopfactuur,0,22,0%,22
exact be,0,22,0%,77.86
goede accountant,0,22,0%,85.18
freelancer gezocht administratie,0,21,0%,7.19
administratie programma's,0,21,0%,10.62
beste tankkaart zelfstandige,0,21,0%,40.67
wat is creditnota,0,20,0%,6.6
administratie taken,0,20,0%,7.15
dimona werknemer,0,20,0%,10.7
dimona-aangifte,0,20,0%,12
accountant inhuren,0,20,0%,38.7
bedrijf digitaliseren,0,20,0%,86.5
hulp administratie,0,19,0%,6.16
wat is dimona,0,19,0%,7.79
boekhouding digitaliseren,0,19,0%,32.32
administratie digitaal,0,19,0%,40.79
de factuur of het factuur,0,19,0%,58.84
personeelsadministratie taken,0,19,0%,77.95
boekhouding software,0,19,0%,79.26
credietnota,0,18,0%,9.83
sociale zekerheid dimona,0,18,0%,12.11
administratie schoonheidssalon,0,18,0%,15.56
online administratie,0,18,0%,19.28
administratie ordenen,0,18,0%,29.78
administratie hulp,0,17,0%,1.76
outsourcing administratie,0,17,0%,4.71
dimona indienen,0,17,0%,10.65
administratieve software,0,17,0%,12.06
dimona in,0,17,0%,27.94
geschikte hr-software,0,17,0%,42.18
km administratie,0,17,0%,49.47
factuur opstellen,0,17,0%,87
eisen inkoopfacturen,0,17,0%,88.06
hr administratie uitbesteden,0,16,0%,19.75
tankkaarten zelfstandigen,0,16,0%,21.69
zoek boekhouder,0,16,0%,47.94
administratie digitaal bewaren,0,16,0%,50.38
administratie scannen,0,16,0%,51.88
eenvoudig boekhoudprogramma,0,16,0%,87.19
boekhouding uitbesteden,0,16,0%,164.56
freelance jobs,0,15,0%,1.4
wat betekent administratie,0,15,0%,6.73
dimona-aangifte aangeven,0,15,0%,8.33
administratie zelf doen of uitbesteden,0,15,0%,23
tanken met cash geld,0,15,0%,23.93
tankkaart europa,0,15,0%,44.6
creditnota opmaken,0,15,0%,69.13
hoe werkt een tankkaart,0,14,0%,4.29
dimona-aangifte online,0,14,0%,12.07
boekhouder voor zelfstandige in bijberoep,0,14,0%,35.29
goede boekhouder,0,14,0%,45.36
administratie uitbesteden kosten,0,14,0%,48.43
basisattest hypothecaire lening,0,14,0%,48.86
facturen digitaliseren,0,14,0%,64.29
exactonline,0,14,0%,67
software boekhouding,0,14,0%,83.21
facturatie,0,14,0%,131.57
administratie outsourcen,0,13,0%,1
voordelen uitbesteden administratie,0,13,0%,5.23
prive tankkaart,0,13,0%,11.85
freelance administratieve medewerker,0,13,0%,12.31
credit nota betekenis,0,13,0%,12.38
uitbesteden,0,13,0%,12.77
automatiseer manuele taken,0,13,0%,14.62
administratieve ondersteuning oudsbergen,0,13,0%,21.54
software administratiebureau,0,13,0%,22.92
tankkaart voor zelfstandigen,0,13,0%,24.62
prijs tankkaart,0,13,0%,24.77
tankkaart voor bedrijven,0,13,0%,27
gratis tankkaart zelfstandige,0,13,0%,32.77
zelfstandige in bijberoep boekhouding,0,13,0%,68.23
administratie eenmanszaak,0,13,0%,70
gratis tankkaart,0,13,0%,75
eenmanszaak administratie,0,13,0%,80.15
administratie software voor trainers,0,13,0%,80.77
particulier tankkaart,0,13,0%,86.15
boekhouding automatiseren,0,13,0%,89.15
boekhoudsoftware kmo,0,13,0%,92.38
administratiekantoor enkhuizen,0,13,0%,104.85
facturen,0,13,0%,138.77
administratie uitbesteden eenmanszaak,0,12,0%,1
administratief freelancer gezocht,0,12,0%,1.33
outsourcing administratie en facturatie,0,12,0%,2.92
administratie bedrijven,0,12,0%,3.58
freelance administratief bediende,0,12,0%,4
wat is een dimona,0,12,0%,7.25
rsz dimona aangifte,0,12,0%,8.75
dimona nummer,0,12,0%,10.25
betalingen uitbesteden,0,12,0%,10.83
financiële administratie uitbesteden,0,12,0%,19.67
boekhouding bedrijf,0,12,0%,21.92
creditnota's,0,12,0%,22.67
tankkaart zelfstandigen,0,12,0%,28.67
kilometeradministratie bijhouden,0,12,0%,36.08
administratie online,0,12,0%,38.33
zelfstandige tankkaart,0,12,0%,39.17
boekhoudsoftware administratiekantoor,0,12,0%,46.08
dubbele facturatie,0,12,0%,73.42
boekhouding voor eenmanszaak,0,12,0%,81.75
wat doet een administratief medewerker,0,12,0%,95.75
tankkaart voordelen,0,11,0%,1
soorten tankkaarten,0,11,0%,4.64
kredietnota of creditnota,0,11,0%,6.18
aangifte dimona,0,11,0%,11.18
personeelsadministratie opzetten,0,11,0%,14.91
boekhouding administratie,0,11,0%,15.36
vastgoed administratie,0,11,0%,17.45
boekhouder inhuren,0,11,0%,22.18
facturen uitbesteden,0,11,0%,26.91
wat kost administratie uitbesteden,0,11,0%,31.36
digitale administratie opzetten,0,11,0%,32.36
uitbesteden administratie,0,11,0%,34
tankkaart belgië,0,11,0%,39.73
tankkaart voor zelfstandige,0,11,0%,43
het factuur of de factuur,0,11,0%,44.36
de het factuur,0,11,0%,52.64
taken,0,11,0%,54.18
administratiekantoren,0,11,0%,78.91
opzetten administratie,0,11,0%,82.45
boekhouding bijberoep,0,11,0%,95.55
administratieve ondersteuning freelance,0,10,0%,1.3
wat houd administratie in,0,10,0%,5.1
wat zijn verkoopfacturen,0,10,0%,5.1
administratie zelfstandig,0,10,0%,8
dimona aangifte indienen,0,10,0%,9.5
dimona aangifte doen online,0,10,0%,12
dimona online aangeven,0,10,0%,13.7
administratie boekhouding,0,10,0%,22
boekhouder freelancer,0,10,0%,24.3
tankkaart bedrijven,0,10,0%,25
aankoopfacturatie verwerken,0,10,0%,30.6
freelance boekhouder gezocht,0,10,0%,38.7
esso tankkaart zelfstandige,0,10,0%,40.7
boekhoudsoftware bob,0,10,0%,48.9
verlofregistratie personeel,0,10,0%,57.7
wat is een factuurnummer,0,10,0%,61.3
boekhouder zoeken,0,10,0%,65.5
bijhouden boekhouding,0,10,0%,76.2
online opleidingen,0,10,0%,84.2
freelance debiteurenbeheer,0,10,0%,89.1
wat is een dimona aangifte,0,9,0%,6.56
dimona aangifte online aangeven,0,9,0%,9.11
opruimd,0,9,0%,9.67
dimona online,0,9,0%,20.22
wat is facturatie,0,9,0%,21.33
shell tankkaart zelfstandige,0,9,0%,23.44
add verzekeringen,0,9,0%,23.67
ondersteuning kmo,0,9,0%,29.67
workflow administratie,0,9,0%,30
kilometer bijhouden,0,9,0%,34
boekhouding vastgoedbedrijven,0,9,0%,38.22
taken boekhouder,0,9,0%,43.33
beste tankkaart belgie,0,9,0%,43.78
tankkaart shell,0,9,0%,44.11
digitaliseren facturen,0,9,0%,70
factuurnummer verplicht,0,9,0%,73
boekhouding kmo,0,9,0%,83.67
facturen digitaal opslaan,0,9,0%,84.67
boekhoudprogramma voor kleine ondernemers,0,9,0%,88.33
erp boekhoudsysteem,0,9,0%,92.56
boekhoud advies,0,9,0%,95.22
eenvoudig boekhoudpakket,0,9,0%,95.33
administratieve hulp gezocht,0,8,0%,3.75
creditnota of kredietnota,0,8,0%,5
voordelen tankkaart zelfstandige,0,8,0%,11.88
dimona aangifte online,0,8,0%,13.12
administratieve taken sociaal secretariaat,0,8,0%,14.5
mijn digitale administratie,0,8,0%,18.38
km bijhouden,0,8,0%,19.75
vastgoedadministratie,0,8,0%,26.12
tankkaart voor alle tankstations,0,8,0%,27.75
beste tankkaart voor kleine bedrijven,0,8,0%,31.38
administratie opzetten eenmanszaak,0,8,0%,41.5
freelance administratie oudsbergen,0,8,0%,42.88
software voor administratiekantoor,0,8,0%,43.25
onderrollend,0,8,0%,45.88
esso tankkaart kosten,0,8,0%,52.75
administratie voor zelfstandigen,0,8,0%,56.38
boekhouding digitaal bewaren,0,8,0%,80.12
add voordelen nadelen,0,8,0%,83.5
voorraadadministratie bijhouden,0,8,0%,92.62
digitaliseren,0,8,0%,93.5
administratie kantoor enkhuizen,0,8,0%,114.12
administratie inrichten,0,8,0%,178.75
software administratie,0,7,0%,1.86
hoe tanken met tankkaart,0,7,0%,4
wat zijn facturen,0,7,0%,8.86
modum,0,7,0%,9.14
externe accountant inhuren,0,7,0%,10.57
betekenis creditnota,0,7,0%,11.57
wat is administratie werk,0,7,0%,11.71
shell tankkaart voor zelfstandigen,0,7,0%,14.43
administratie digitaliseren software,0,7,0%,20.43
dimona en personeelsbestand,0,7,0%,23.86
outsourcing financiele administratie,0,7,0%,27.14
boekhouder zelfstandige in bijberoep,0,7,0%,34.71
esso tankkaart aanvragen,0,7,0%,38.29
aministratie eerste werknemer,0,7,0%,38.86
boekhoudprogramma kleine zelfstandige,0,7,0%,40.29
boekhoudsoftware voor administratiekantoren,0,7,0%,44.14
shell tankkaart waar tanken,0,7,0%,45.29
digitaal verwerken administratie,0,7,0%,45.43
eenmanszaak opstarten,0,7,0%,49
boekhouder per maand,0,7,0%,49.86
cloud administratie,0,7,0%,49.86
payroll administratie,0,7,0%,50.57
de factuur het factuur,0,7,0%,51.71
loon administratie,0,7,0%,52.29
software voor boekhouding,0,7,0%,59
auto inbrengen zelfstandige,0,7,0%,60.86
administratie kalmthout,0,7,0%,64.71
verlofregistratie software,0,7,0%,71.71
add en opruimen,0,7,0%,75.57
zakelijke km bijhouden,0,7,0%,76.43
opstellen factuur,0,7,0%,78.29
boekhouder nieuw bedrijf,0,7,0%,79
welke administratie moet je bewaren,0,7,0%,89.14
facturen bewaren,0,7,0%,99.14
opbouw factuur,0,6,0%,2
wat is een kredietnota,0,6,0%,4.67
zelfstandig administratief medewerker,0,6,0%,5.5
betekenis administratie,0,6,0%,7.83
wat is administratief,0,6,0%,8
ondersteuning voor zelfstandigen,0,6,0%,10.33
eigen administratiekantoor,0,6,0%,12.33
tanken op bedrijf,0,6,0%,15.5
freelance administratief medewerker gezocht,0,6,0%,15.67
administratiekantoor enter,0,6,0%,17.33
administratiekantoor beginnen,0,6,0%,17.5
ik zoek een boekhouder,0,6,0%,17.67
tankkaarten voor kleine bedrijven,0,6,0%,27.17
administratie laten doen,0,6,0%,28.67
doelgroepvermindering vaste werknemer in de horeca,0,6,0%,28.83
boekhouding vastgoed,0,6,0%,29.83
shell tankkaart aanvragen,0,6,0%,33.83
factureren uitbesteden,0,6,0%,34.33
brandstofkaart voor meerdere stations,0,6,0%,34.83
shell tankkaarten,0,6,0%,36
tankkart,0,6,0%,37.33
administratie medewerker,0,6,0%,38
webshop administratie,0,6,0%,38.17
tankkaartbedrijven,0,6,0%,41.33
taken sociaal secretariaat,0,6,0%,43.17
een factuur opstellen,0,6,0%,45.67
een eigen administratiekantoor beginnen,0,6,0%,46.67
personeel en salarisadministratie,0,6,0%,47.17
prijs boekhouder per uur,0,6,0%,47.17
tankkaart kosten,0,6,0%,47.67
is het de factuur of het factuur,0,6,0%,49.5
factuur eenmanszaak,0,6,0%,51.83
correcte factuur,0,6,0%,56
verschil nota en factuur,0,6,0%,56
boekhouder prijs,0,6,0%,59.67
klant weigert factuur te betalen,0,6,0%,62.17
het factuur de factuur,0,6,0%,63.5
loonadministratie software,0,6,0%,63.5
soorten vastgoed,0,6,0%,65
administratie bewaren zakelijk,0,6,0%,70.17
boekhouding bewaren,0,6,0%,72.33
verlofbeheer,0,6,0%,74.83
tanken registreren,0,6,0%,78.83
financiele administratie,0,6,0%,80.33
digitaal administratiekantoor,0,6,0%,86.33
documenten digitaliseren,0,6,0%,88.17
financiele boekhouding,0,6,0%,92.33
freelance factuur,0,6,0%,92.5
hoe lang belastingaangiftes bewaren,0,6,0%,93.33
nadelen digitalisering zorg,0,6,0%,99.17
facturen digitaal archiveren,0,6,0%,102.67
programma boekhouding,0,6,0%,103.67
kilometer registratie,0,6,0%,110.83
boekhouder,0,6,0%,151.83
voorraadadministratie programma's,0,6,0%,177.33
administratie pakket,0,5,0%,1
administratief softwarepakket,0,5,0%,1
mijn administratie digitaliseren,0,5,0%,2.8
ondersteuning administratie,0,5,0%,5
prive administratie digitaliseren,0,5,0%,5
wat is een dimona nummer,0,5,0%,6.6
administratie beheren,0,5,0%,7.2
hoe ziet een creditnota eruit,0,5,0%,8.8
wat is een aankoopfactuur,0,5,0%,8.8
administratie werk,0,5,0%,9.8
wat zijn administratieve taken,0,5,0%,9.8
kmo administratie,0,5,0%,10.2
admini,0,5,0%,10.8
administatie,0,5,0%,10.8
verschil creditnota en factuur,0,5,0%,12.4
administratie tool,0,5,0%,14
administratie organiseren,0,5,0%,16.8
beste tankkaarten voor kleine bedrijven,0,5,0%,24.6
human resources uitbesteden,0,5,0%,24.6
geautomatiseerde administratie,0,5,0%,24.8
hr-administratie,0,5,0%,30.4
boekhoudsoftware zelfstandige,0,5,0%,30.8
aanvragen tankkaart,0,5,0%,31.2
sociaal secretariaat taken,0,5,0%,31.6
rsz nummer werkgever,0,5,0%,38.4
administratief taken,0,5,0%,42.4
administratie webshop,0,5,0%,42.6
administratiekantoor kapellen,0,5,0%,44.4
esso shell tankkaart,0,5,0%,44.4
administratief medewerker inhuren,0,5,0%,45.2
wat is personeelsadministratie,0,5,0%,46
taken van sociaal secretariaat,0,5,0%,46.2
esso tankkaart belgie,0,5,0%,54.8
personeel schoonheidssalon,0,5,0%,57.6
shell tankkaart,0,5,0%,58
minimum betalingstermijn factuur,0,5,0%,59
inzicht personeelsadministratie,0,5,0%,65
europese tankkaart,0,5,0%,65.8
bewaren administratie,0,5,0%,69.2
digitaliseer specialist,0,5,0%,72
kilometers bijhouden zakelijke auto,0,5,0%,73
hoe een creditnota opstellen,0,5,0%,73.8
deze factuur,0,5,0%,76.8
tankkaart eenmanszaak,0,5,0%,77.4
voordelen outsourcing,0,5,0%,79.8
nieuw hr beleid,0,5,0%,80.8
soft hr beleid,0,5,0%,82.4
digitale facturen bewaren,0,5,0%,83.6
loonberekening uitbesteden,0,5,0%,83.8
facturen verwerken,0,5,0%,87.4
opleiding personeelsbeheer,0,5,0%,87.8
software administratiekantoor,0,5,0%,89.2
automatiseren hr processen,0,5,0%,90.6
wat is automatisering,0,5,0%,91.2
wat is een boekhouder,0,5,0%,92.8
brandstofkaart van het bedrijf,0,5,0%,96.8
boekhoudprogramma online,0,5,0%,100.4
boekhouden programma,0,5,0%,106.2
facturen digitaal bewaren,0,5,0%,116.2
boekhouding eenmanszaak,0,5,0%,122.8
een factuur,0,4,0%,4.25
factuurbedrag,0,4,0%,4.25
wat is een tankkaart,0,4,0%,4.25
opleiding exact online,0,4,0%,5.25
administratie kinderopvang,0,4,0%,5.5
administratie voor een eenmanszaak,0,4,0%,6
beheer van hr-gegevens,0,4,0%,6
kilometer administratie,0,4,0%,6.5
wat is dimona aangifte,0,4,0%,7
administratie voor eenmanszaak,0,4,0%,8
wat is een administratie,0,4,0%,8.5
wat staat er op een factuur,0,4,0%,8.75
dimona rsz,0,4,0%,9.25
torenstraat pulle,0,4,0%,9.75
creditnotas,0,4,0%,10.25
wat is creditnota factuur,0,4,0%,10.75
verschil boekhouding en administratie,0,4,0%,11
dimona.aangifte,0,4,0%,11.5
hulp bij boekhouding,0,4,0%,12.5
online administratiepakket,0,4,0%,13.25
administratie kantoren,0,4,0%,15.5
eenmanszaak starten administratie,0,4,0%,15.5
wat doet een administratiekantoor,0,4,0%,16.25
tankkaart zonder bedrijfswagen,0,4,0%,20.75
administratie bijhouden eenmanszaak,0,4,0%,22.5
tankkaarten voor kleine ondernemingen,0,4,0%,27.5
boekhouder voor bijberoep,0,4,0%,30.5
social security dimona,0,4,0%,31
tankkaartbedrijf,0,4,0%,34.25
ondersteuning loonadministratie,0,4,0%,37.75
doelgroepvermindering horeca,0,4,0%,39.5
tankkaart bedrijfswagen,0,4,0%,43
boekhouder wat is dat,0,4,0%,44.75
boekhouder prijs per maand,0,4,0%,51.5
onjuiste administratie,0,4,0%,54
opstarten eenmanszaak,0,4,0%,54.5
wat is hr software,0,4,0%,55.25
hr uitbesteden,0,4,0%,58.5
schooladministratie software,0,4,0%,59.75
tankpas belgie,0,4,0%,60.5
bijzondere voorwaarden opmaken,0,4,0%,61.75
bijhouden,0,4,0%,66.5
facturen bijhouden,0,4,0%,66.75
tankkaart shell particulier,0,4,0%,69.75
zakelijke ritten bijhouden,0,4,0%,70.25
hr administratie opleiding,0,4,0%,78
tankaart,0,4,0%,78.75
doelstellingen beleid hr werknemer,0,4,0%,82.75
nieuw hr-beleid,0,4,0%,83
zakelijke auto kilometers bijhouden,0,4,0%,84
sociaal secretariaat verplicht,0,4,0%,86.5
administratie software installateur,0,4,0%,89
wat betekent automatisering,0,4,0%,91.75
professionele benzinekaart,0,4,0%,94.25
tankstationkaart,0,4,0%,96.25
administratie bewaren,0,4,0%,112.25
boekhoud programmas,0,4,0%,114
administratiekantoor software,0,4,0%,118.75
online boekhoudpakketten,0,4,0%,128.5
freelance hr,0,3,0%,1
vacature freelance,0,3,0%,1
administratie opleiding,0,3,0%,2
is boekhouden moeilijk,0,3,0%,2
verkoop factuur,0,3,0%,2
administratir,0,3,0%,3.67
adminstratie,0,3,0%,4
administraie,0,3,0%,4.67
exact online opleiding,0,3,0%,5.33
de administratie,0,3,0%,6
wat is credit nota,0,3,0%,6.67
administratie opruimen,0,3,0%,7.33
creditnota wat is dat,0,3,0%,7.33
dimona contract,0,3,0%,7.67
administratie tips,0,3,0%,8
wat is een factuur?,0,3,0%,9
de of het creditnota,0,3,0%,9.33
opruimt opruimd,0,3,0%,9.67
dimona in dienst,0,3,0%,10
wat is een creditnota definitie,0,3,0%,10
crediet nota,0,3,0%,10.33
administratief werk betekenis,0,3,0%,10.67
factuur opbouw,0,3,0%,10.67
administratief medewerker op zelfstandige basis,0,3,0%,11
wat betekent creditnota,0,3,0%,11
hulp bij financiele administratie,0,3,0%,18.67
administratie op orde brengen,0,3,0%,21.33
software voor administratie,0,3,0%,23.67
hoe administratie bijhouden eenmanszaak,0,3,0%,24
texaco tankkaart,0,3,0%,24.67
dimona en het personeelsbestand,0,3,0%,27.67
dimona-aangifte horeca,0,3,0%,28
boekhouder in bijberoep,0,3,0%,31
km administratie bijhouden,0,3,0%,33.33
papieren ordenen,0,3,0%,36.67
creditnota btw,0,3,0%,37.67
administratie zelf doen,0,3,0%,38
wat kost een administratief medewerker,0,3,0%,43
proactief advies,0,3,0%,46.67
mappenstructuur opzetten,0,3,0%,48.67
administratie eenmanszaak bewaren,0,3,0%,49.33
administratie eenmanszaak zelf doen,0,3,0%,51
yoursminc,0,3,0%,54.67
administratie software dakwerker,0,3,0%,58.67
hr administratie software,0,3,0%,65.33
opmaak factuur,0,3,0%,66
factuur sociaal secretariaat boeken,0,3,0%,67
dimona betekenis,0,3,0%,70.33
administratieprogramma,0,3,0%,72.67
debiteurenbeheer taken,0,3,0%,74
personeelsadministratie software,0,3,0%,76
administratie software eenmanszaak,0,3,0%,77
rekening opstellen,0,3,0%,77.67
digitalisering boekhouding,0,3,0%,80
bewaren facturen,0,3,0%,84.33
bijhouden kilometers zakelijke auto,0,3,0%,87
zakelijke kilometers bijhouden privé auto,0,3,0%,91.33
taken administratief medewerker hr,0,3,0%,92.33
beste boekhoudpakket,0,3,0%,94.33
online bedrijfssoftware,0,3,0%,95
makkelijk boekhoudprogramma,0,3,0%,97
beste online boekhoudprogramma,0,3,0%,98
hoeveel kost een boekhouder,0,3,0%,99.67
boekhoudpakket online,0,3,0%,115
boekhoudkundig programma,0,3,0%,126.33
loonadministratie,0,3,0%,138.33
administratiekantoor gezocht,0,2,0%,1
freelance administratieve hulp,0,2,0%,1
freelance vacatures,0,2,0%,1
hr freelance,0,2,0%,1
voordeel tankkaart,0,2,0%,1
werken op freelance basis,0,2,0%,1
administratief medewerker opleiding,0,2,0%,2
administratieve gegevens,0,2,0%,2
opleiding administratief medewerker,0,2,0%,2
administratie onderneming,0,2,0%,2.5
factuur verkopen,0,2,0%,2.5
hoe werkt een factuur,0,2,0%,2.5
boekhouder genk,0,2,0%,3
kantoor administratie,0,2,0%,3
wat valt onder administratie,0,2,0%,3
automatisering administratie,0,2,0%,4
outsourcen administratie,0,2,0%,4
is administratief werk moeilijk,0,2,0%,4.5
adminitratie,0,2,0%,5
exact opleiding,0,2,0%,5
hoe administratie bijhouden,0,2,0%,5
administraties,0,2,0%,6
wat houdt administratie in,0,2,0%,6
hoe dimona aangifte doen,0,2,0%,7.5
administratieve zaken,0,2,0%,8
admistratie,0,2,0%,8
boekhouding hulp,0,2,0%,8
hulp administratie gezocht,0,2,0%,8
administratie eigen bedrijf,0,2,0%,9
beste administratie software,0,2,0%,9
administratie restaurant,0,2,0%,9.5
admiratie betekenis,0,2,0%,10.5
mappen voor administratie,0,2,0%,10.5
hoe administratie ordenen,0,2,0%,11
werk administratie,0,2,0%,11
demona aangifte,0,2,0%,12
dimona in dienst online,0,2,0%,12.5
dimona aangifte uit dienst,0,2,0%,13
dimona aangifte wanneer,0,2,0%,13
tankkaart zelfstandige in bijberoep,0,2,0%,13.5
dimona sociale zekerheid,0,2,0%,15
administartie,0,2,0%,18
dimona en het personeelsbestand - sociale zekerheid,0,2,0%,20
bob boekhoudprogramma,0,2,0%,22
avia tankkaart aanvragen,0,2,0%,24.5
betaalkaarten voor brandstof,0,2,0%,24.5
administratie mappen,0,2,0%,25.5
dimonas,0,2,0%,25.5
dimona aangifte horeca,0,2,0%,27
zakelijke administratie,0,2,0%,27.5
administratiekantoor starten,0,2,0%,29
digitaal opruimen,0,2,0%,31
administratie software vergelijken,0,2,0%,31.5
juridische administratieve ondersteuning,0,2,0%,32.5
wat is een bankafschrift,0,2,0%,33.5
freelancer boekhouder,0,2,0%,36.5
tankkaart esso aanvragen,0,2,0%,39
tankkaart benelux,0,2,0%,40.5
tarieven administratiekantoor,0,2,0%,40.5
boekhouder zandhoven,0,2,0%,41
hr taken,0,2,0%,42
uitgaande factuur,0,2,0%,47
tank kaart,0,2,0%,50
kilometer,0,2,0%,52
mappenstructuur bedrijf,0,2,0%,52
ordenen,0,2,0%,53
bedrijfswagen zonder tankkaart,0,2,0%,58
hoe factuur opstellen,0,2,0%,58.5
wanneer een factuur opmaken,0,2,0%,63.5
kilometers,0,2,0%,66
administratie organisatie,0,2,0%,67
administratief medewerker betekenis,0,2,0%,69
hoe betaal je een factuur,0,2,0%,75
exact,0,2,0%,76.5
payroll belgië,0,2,0%,77
de administratie online,0,2,0%,77.5
automatische taken,0,2,0%,78
ik financiele administratie,0,2,0%,80.5
hoe moet ik een factuur betalen,0,2,0%,82
administratie best,0,2,0%,85.5
bedrijfswagen met tankkaart,0,2,0%,87
bedrijf automatiseren,0,2,0%,88.5
arbeidsreglement opstellen zelfstandige,0,2,0%,90.5
salarisadministratie software,0,2,0%,92.5
boekhouding zelfstandige,0,2,0%,94.5
boekhoud kantoor,0,2,0%,96.5
personeelsadministratie + waar,0,2,0%,97.5
human resources informatie,0,2,0%,105.5
eenmanszaak boekhouding,0,2,0%,124.5
taken financiele administratie,0,2,0%,143
digitaal boekhoudprogramma,0,2,0%,146
administratie definitie,0,1,0%,1
annelies van orshoven,0,1,0%,1
freelance werken,0,1,0%,1
freelancer gezocht,0,1,0%,1
hoe creditnota opmaken,0,1,0%,1
hoe maak ik een creditnota,0,1,0%,1
hoe maak ik een creditnota op,0,1,0%,1
vacatures freelance,0,1,0%,1
wat zijn administratieve gegevens,0,1,0%,1
administratie opleiding mbo,0,1,0%,2
administratie opleiding mbo 2,0,1,0%,2
administratief medewerker opleiding vdab,0,1,0%,2
boekhouder breda,0,1,0%,2
boekhouder hasselt,0,1,0%,2
boekhouder hilversum,0,1,0%,2
boekhouder hoogeveen,0,1,0%,2
cursus archiefbeheer,0,1,0%,2
cursus financiele administratie,0,1,0%,2
eigenschappen administratief medewerker,0,1,0%,2
esso tankpas particulier,0,1,0%,2
functieomschrijving boekhouder,0,1,0%,2
hoeveel verdient een administratief medewerker,0,1,0%,2
mappen en bestanden ordenen,0,1,0%,2
mappen structuur maken,0,1,0%,2
mappenstructuur bedrijf voorbeeld,0,1,0%,2
mappenstructuur maken,0,1,0%,2
mega duizendpoot,0,1,0%,2
opleiding administratie,0,1,0%,2
opleiding administratief medewerker met baangarantie,0,1,0%,2
opleiding financieel administratief medewerker,0,1,0%,2
salaris backoffice medewerker,0,1,0%,2
salaris hoofd administratie,0,1,0%,2
tankpas total,0,1,0%,2
total tankkaart voordelen,0,1,0%,2
voorbeelden administratieve taken,0,1,0%,2
voordeel alle aard tankkaart,0,1,0%,2
vrijwilliger thuisadministratie,0,1,0%,2
wat doet een goede boekhouder,0,1,0%,2
wat is een administratief medewerker,0,1,0%,2
zelfstandige administratieve hulp gezocht,0,1,0%,2
administratief bediende,0,1,0%,3
boekhouder arnhem,0,1,0%,3
exact handleiding,0,1,0%,3
factuur bedrag,0,1,0%,3
hoofd administratie,0,1,0%,3
administrat,0,1,0%,4
administratief,0,1,0%,4
bestandsbeheer tips,0,1,0%,4
boekhouder dendermonde,0,1,0%,4
boekhouder lelystad,0,1,0%,4
hulp financiele administratie,0,1,0%,4
ordeningssysteem zorg,0,1,0%,4
persoonlijke boekhouder,0,1,0%,4
vacature administratie,0,1,0%,4
vacature administratief medewerker,0,1,0%,4
verkoopfactuur journaalpost,0,1,0%,4
administra,0,1,0%,5
administratie oss,0,1,0%,5
wat is een creditnota?,0,1,0%,5
dag van de administratie,0,1,0%,6
een creditnota,0,1,0%,6
financieel administratief medewerker opleiding,0,1,0%,6
administratie werkzaamheden,0,1,0%,7
bbl opleiding administratie,0,1,0%,7
de creditnota,0,1,0%,7
hulp bij financiële administratie,0,1,0%,7
wat is een aankoopnota,0,1,0%,7
de of het administratie,0,1,0%,8
administratie vacature,0,1,0%,9
hr en salarisadministratie,0,1,0%,9
kredinota,0,1,0%,9
systeem administratie,0,1,0%,9
alle administraties,0,1,0%,10
betekenis administratief,0,1,0%,10
dimona melding,0,1,0%,10
ondersteuning zelfstandigen,0,1,0%,10
overzicht administratie,0,1,0%,10
dimona angifte,0,1,0%,11
dimonalijst,0,1,0%,11
een gebouw met verschillende functies,0,1,0%,11
hoe noem je iemand die de administratie doet,0,1,0%,11
persoonlijke administratie,0,1,0%,11
wat zijn factuurgegevens,0,1,0%,11
administratie pakket kiezen,0,1,0%,12
digitale administratie thuis,0,1,0%,12
project administratie,0,1,0%,12
factuurs,0,1,0%,13
hr beheer,0,1,0%,13
administratie systeem,0,1,0%,15
administratie thuis ordenen,0,1,0%,15
hekelpunt betekenis,0,1,0%,15
verhuur administratie,0,1,0%,15
administratie systeem soorten,0,1,0%,16
dimona contact,0,1,0%,16
freelance financieel administratief medewerker,0,1,0%,16
wat is hr administratie,0,1,0%,16
meest gebruikte boekhoudprogramma,0,1,0%,17
dimona's,0,1,0%,18
dymona,0,1,0%,18
dimona nummer werknemer opzoeken,0,1,0%,19
facturaties,0,1,0%,19
verschil administratie en boekhouding,0,1,0%,19
administratief medewerker vastgoed,0,1,0%,20
administratieve kracht,0,1,0%,21
administratie doen,0,1,0%,22
wat is factureren,0,1,0%,23
creditnota opstellen,0,1,0%,24
hoe tanken met bankkaart,0,1,0%,24
moet je een creditnota betalen,0,1,0%,27
administratie opbergen,0,1,0%,28
administratie webwinkel,0,1,0%,28
automatisering bedrijven,0,1,0%,28
avia tankkaart kosten,0,1,0%,28
tankkaart alle tankstations,0,1,0%,28
tankkaart texaco,0,1,0%,28
zoals vermeldt op de factuur,0,1,0%,28
esso factuur aanvragen,0,1,0%,29
kilometerstand bijhouden,0,1,0%,29
geleverde diensten,0,1,0%,30
lpg-tankstations kaart,0,1,0%,30
administratief bediende vastgoed,0,1,0%,31
digitale mappenstructuur,0,1,0%,31
dimona social security,0,1,0%,31
vastgoed correct,0,1,0%,31
boekhouder bijberoep prijs,0,1,0%,32
iemand die administratie doet,0,1,0%,32
is boekhouding moeilijk,0,1,0%,32
hoe betalen bij tanken,0,1,0%,33
wat is inkoopfactuur,0,1,0%,33
gegevens op factuur,0,1,0%,35
rsz aangifte,0,1,0%,35
samen voor de klant,0,1,0%,35
onss dimona,0,1,0%,36
administratie map,0,1,0%,37
administratie ordenen tips,0,1,0%,37
beste tankkaart voor zelfstandigen,0,1,0%,37
vind een boekhouder,0,1,0%,37
wat zijn zakelijke kilometers,0,1,0%,37
hoe lang loonfiches bewaren,0,1,0%,39
kredietnota,0,1,0%,39
freelance schoonheidsspecialiste,0,1,0%,40
hoeveel verdient een zelfstandige boekhouder,0,1,0%,40
administratief medewerker wat is dat,0,1,0%,41
documenten ordenen,0,1,0%,41
voordelen uitbesteden,0,1,0%,41
administratief bediende betekenis,0,1,0%,42
boekhoudprogramma octopus,0,1,0%,42
cash tanken in de buurt,0,1,0%,42
freelance administratieve opdrachten,0,1,0%,42
goedkoopste tankkaart zelfstandige,0,1,0%,42
payroll specialisten,0,1,0%,42
payroll tarieven,0,1,0%,42
factuur betalen binnen hoeveel dagen,0,1,0%,44
kilometerregistratie verplicht,0,1,0%,44
tankkaart zelfstandige vergelijken,0,1,0%,44
vacature hr administratie,0,1,0%,44
wat is een nota,0,1,0%,44
esso tankkaart,0,1,0%,45
go tankkaart review,0,1,0%,45
hulp voor zelfstandigen,0,1,0%,46
dats tankkaart aanvragen,0,1,0%,47
facatuur,0,1,0%,47
factuur datum,0,1,0%,47
goedkoopste boekhouder,0,1,0%,47
hoe tanken,0,1,0%,47
snelle opstart vacatures,0,1,0%,47
boekhouder bedrijf,0,1,0%,48
boekhouding vacature,0,1,0%,51
administratiekantoor west friesland,0,1,0%,52
rsz online,0,1,0%,52
soigneer,0,1,0%,52
boekhoudkundige,0,1,0%,53
esso tankkaart waar tanken,0,1,0%,53
factuu,0,1,0%,53
payroll uitbesteden,0,1,0%,53
boekhouding vacatures,0,1,0%,54
factur,0,1,0%,54
freelance,0,1,0%,54
hoe opruimen,0,1,0%,54
facturen bijhouden zelfstandige,0,1,0%,55
ons administratie,0,1,0%,55
wettelijke eisen factuur,0,1,0%,55
goedkoop lpg tanken,0,1,0%,57
opstart eenmanszaak,0,1,0%,57
wat is rsz,0,1,0%,57
administratieve vacatures,0,1,0%,58
klein materiaal boekhouding,0,1,0%,58
eisen factuur belastingdienst,0,1,0%,59
esso kaart aanvragen,0,1,0%,59
waarom digitaliseren,0,1,0%,59
add opruimen,0,1,0%,60
nota factuur,0,1,0%,62
personeels informatie systeem,0,1,0%,62
beste tankkaart eenmanszaak,0,1,0%,64
korting esso tankkaart,0,1,0%,64
bijberoep administratie,0,1,0%,65
kilometrages,0,1,0%,65
bijhouden documenten boekhouding,0,1,0%,66
wat kost een boekhouder per uur,0,1,0%,66
dimona nummer opzoeken,0,1,0%,67
kmo team,0,1,0%,67
archief opruimen,0,1,0%,68
bedrijf administratie,0,1,0%,68
eigen administratiekantoor starten,0,1,0%,68
agoria index formule,0,1,0%,69
digitaal boekhouding,0,1,0%,69
europese brandstofkaart,0,1,0%,70
freelance opdrachten administratie,0,1,0%,70
kosten payroll,0,1,0%,70
payrolling tarieven,0,1,0%,70
factuur opmaak,0,1,0%,72
administratie kantoor west friesland,0,1,0%,74
digitaal archiveren tips,0,1,0%,74
elk begin is moeilijk,0,1,0%,74
factuur geprotesteerd wat nu,0,1,0%,74
inschrijving ondernemingsloket prijs,0,1,0%,74
jobs administratie,0,1,0%,74
leerlingenadministratie software,0,1,0%,74
zakelijke rekening verplicht bij eenmanszaak,0,1,0%,74
wat is digitaliseren,0,1,0%,75
eisen aan factuur,0,1,0%,76
vacature boekhouding,0,1,0%,76
online opleiding,0,1,0%,77
automatiseren,0,1,0%,79
soorten facturen,0,1,0%,80
freelancer boekhouding,0,1,0%,81
outsourcing voordelen,0,1,0%,81
detachering administratief personeel,0,1,0%,82
opzetten,0,1,0%,82
wat is outsourcen,0,1,0%,82
administratie software bouwbedrijf,0,1,0%,83
arbeidsreglementen,0,1,0%,83
attest inkomenstarief,0,1,0%,83
boekhouder betekenis,0,1,0%,83
digitaliseren documenten,0,1,0%,83
factureren aan jezelf,0,1,0%,83
wanneer factuur sturen,0,1,0%,83
half 8 digitaal,0,1,0%,85
lpg tankstations,0,1,0%,85
soorten hr functies,0,1,0%,85
taken personeelsadministratie,0,1,0%,86
boekhoudprogramma vergelijken,0,1,0%,87
het of de factuur,0,1,0%,87
simpele factuur,0,1,0%,87
vacature opstellen,0,1,0%,87
btw-listing,0,1,0%,88
nadelen digitalisering,0,1,0%,88
uitbesteding,0,1,0%,88
administratieve werk,0,1,0%,89
personeelsadministratie opleiding,0,1,0%,89
administratieve job,0,1,0%,90
lpg tankstations belgie,0,1,0%,91
verplichte gegevens op factuur,0,1,0%,91
administratie voeren,0,1,0%,93
internet zelfstandigen,0,1,0%,93
freelance factureren,0,1,0%,95
hoe werkt tanken,0,1,0%,95
hoeveel kost een boekhouder per maand,0,1,0%,95
boekhoudkundige termen,0,1,0%,96
hulp nodig bij administratie,0,1,0%,96
administratieve dienstverlening uitbesteden,0,1,0%,98
exact online ervaringen,0,1,0%,98
is een sociaal secretariaat verplicht,0,1,0%,98
maatschappelijke zetel eenmanszaak,0,1,0%,98
volledige administratie,0,1,0%,99
personeelszaken uitbesteden,0,1,0%,100
bewaartermijn facturen,0,1,0%,101
dimona aangifte flexi job,0,1,0%,101
facturen opstellen,0,1,0%,101
boekhoudpaketten,0,1,0%,102
tanken belgie,0,1,0%,103
financiele administratie bijhouden,0,1,0%,113
financiële administratie betekenis,0,1,0%,118
verkoopfacturen bewaren,0,1,0%,120
eenmanszaak,0,1,0%,121
enkelvoudige boekhouding,0,1,0%,129